id,name,location,age,interest,followers
1,Vikram_1,Kolkata,32,Gaming,4921
2,Tanya_2,Bangalore,42,Food,987
3,Ajay_3,Delhi,40,Technology,3687
4,Rahul_4,Kolkata,35,Art,1101
5,Rekha_5,Jaipur,47,Travel,3790
6,Pooja_6,Jaipur,43,Science,538
7,Suresh_7,Bangalore,21,Art,368
8,Yash_8,Mumbai,22,Gaming,579
9,Aditya_9,Pune,33,Finance,1845
10,Meera_10,Pune,27,Food,226
11,Akash_11,Kolkata,37,Technology,3613
12,Riya_12,Ahmedabad,32,Food,3149
13,Arjun_13,Mumbai,24,Technology,1667
14,Kavya_14,Delhi,29,Technology,1870
15,Kavya_15,Ahmedabad,37,Food,4293
16,Kavya_16,Delhi,46,Finance,3365
17,Vikram_17,Jodhpur,29,Gaming,4973
18,Arjun_18,Bangalore,23,Fashion,4109
19,Ananya_19,Delhi,39,Art,925
20,Sneha_20,Chennai,37,Science,1943
21,Vishal_21,Pune,23,Finance,3776
22,Divya_22,Ahmedabad,55,Finance,897
23,Nisha_23,Mumbai,19,Music,2312
24,Meera_24,Ahmedabad,25,Science,2236
25,Shweta_25,Mumbai,40,Finance,1990
26,Sunita_26,Delhi,19,Sports,3484
27,Pallavi_27,Kolkata,52,Gaming,4441
28,Yash_28,Kolkata,18,Fashion,1554
29,Tanya_29,Hyderabad,45,Art,3543
30,Raj_30,Pune,50,Fashion,3212
31,Ajay_31,Jodhpur,40,Gaming,1309
32,Shruti_32,Bangalore,42,Travel,999
33,Deepak_33,Bangalore,19,Travel,726
34,Ravi_34,Hyderabad,36,Fashion,2753
35,Ananya_35,Pune,31,Fashion,1290
36,Rekha_36,Jodhpur,38,Gaming,2720
37,Harsh_37,Mumbai,48,Music,1507
38,Rahul_38,Jaipur,18,Technology,620
39,Vikram_39,Jodhpur,40,Sports,4679
40,Divya_40,Chennai,48,Music,4813
41,Vishal_41,Jaipur,18,Food,1839
42,Amit_42,Kolkata,35,Science,2463
43,Vikram_43,Chennai,48,Fashion,4992
44,Amit_44,Mumbai,43,Technology,1230
45,Karan_45,Bangalore,25,Science,2006
46,Divya_46,Ahmedabad,34,Music,1614
47,Simran_47,Jaipur,55,Finance,2110
48,Priya_48,Bangalore,32,Finance,1969
49,Shruti_49,Jodhpur,44,Travel,3406
50,Monika_50,Ahmedabad,40,Food,2439
51,Puja_51,Chennai,20,Art,2149
52,Siddharth_52,Jodhpur,21,Travel,4694
53,Rohan_53,Jodhpur,44,Food,2706
54,Shruti_54,Ahmedabad,44,Finance,2244
55,Sneha_55,Jodhpur,49,Finance,4257
56,Priya_56,Bangalore,34,Finance,4168
57,Riya_57,Jaipur,22,Travel,3656
58,Siddharth_58,Hyderabad,22,Gaming,2052
59,Dev_59,Bangalore,37,Food,907
60,Pallavi_60,Pune,28,Technology,2816
61,Dev_61,Delhi,23,Sports,2826
62,Harsh_62,Bangalore,39,Music,3898
63,Nisha_63,Ahmedabad,54,Art,1985
64,Ananya_64,Delhi,32,Fashion,1849
65,Sunita_65,Delhi,41,Music,2045
66,Sneha_66,Delhi,21,Sports,4049
67,Aarav_67,Hyderabad,40,Science,3524
68,Nisha_68,Bangalore,21,Fashion,1178
69,Karan_69,Chennai,49,Fashion,4942
70,Vishal_70,Jodhpur,19,Music,4671
71,Anjali_71,Jaipur,37,Gaming,749
72,Vikram_72,Chennai,46,Music,2499
73,Neha_73,Chennai,47,Technology,1262
74,Akash_74,Chennai,46,Music,2150
75,Meera_75,Kolkata,55,Finance,2557
76,Priya_76,Kolkata,35,Food,962
77,Nisha_77,Chennai,20,Music,1895
78,Nisha_78,Kolkata,34,Technology,1512
79,Siddharth_79,Jodhpur,41,Finance,4264
80,Riya_80,Mumbai,33,Travel,4799
81,Ananya_81,Bangalore,32,Fashion,549
82,Riya_82,Pune,37,Travel,946
83,Arjun_83,Mumbai,30,Finance,2066
84,Manish_84,Jaipur,47,Travel,4516
85,Kavya_85,Delhi,32,Travel,2302
86,Kunal_86,Delhi,42,Finance,2450
87,Ravi_87,Jaipur,51,Gaming,1457
88,Sunita_88,Ahmedabad,20,Science,1210
89,Ravi_89,Jaipur,49,Fashion,898
90,Karan_90,Bangalore,44,Finance,2955
91,Puja_91,Ahmedabad,43,Art,4788
92,Siddharth_92,Chennai,48,Finance,4228
93,Kavya_93,Bangalore,42,Art,1225
94,Akash_94,Bangalore,36,Food,2985
95,Amit_95,Ahmedabad,19,Food,3600
96,Nisha_96,Jaipur,46,Science,4673
97,Pallavi_97,Ahmedabad,35,Technology,2393
98,Rekha_98,Ahmedabad,38,Finance,3930
99,Ananya_99,Kolkata,37,Sports,1082
100,Raj_100,Hyderabad,52,Music,2123
101,Raj_101,Jodhpur,29,Food,3076
102,Dev_102,Hyderabad,31,Gaming,1185
103,Manish_103,Jaipur,35,Sports,4179
104,Siddharth_104,Pune,51,Science,862
105,Nisha_105,Pune,24,Finance,2925
106,Akash_106,Hyderabad,39,Music,1724
107,Ravi_107,Chennai,48,Fashion,3633
108,Simran_108,Bangalore,30,Fashion,3729
109,Nikhil_109,Kolkata,23,Technology,3792
110,Tanya_110,Kolkata,19,Finance,2685
111,Varun_111,Chennai,55,Sports,1060
112,Tanya_112,Hyderabad,19,Science,3497
113,Neha_113,Pune,28,Gaming,4331
114,Aisha_114,Jodhpur,24,Music,4267
115,Simran_115,Ahmedabad,37,Technology,3858
116,Monika_116,Delhi,23,Finance,435
117,Simran_117,Delhi,21,Finance,3933
118,Vishal_118,Ahmedabad,45,Gaming,2766
119,Dev_119,Hyderabad,25,Technology,757
120,Neha_120,Bangalore,35,Fashion,1608
121,Amit_121,Ahmedabad,43,Music,3480
122,Ajay_122,Delhi,51,Music,1031
123,Yash_123,Pune,51,Art,1519
124,Arjun_124,Chennai,52,Travel,4885
125,Pallavi_125,Jodhpur,53,Gaming,1088
126,Komal_126,Mumbai,50,Science,3034
127,Varun_127,Bangalore,36,Technology,835
128,Shruti_128,Jaipur,29,Gaming,1710
129,Puja_129,Jaipur,42,Finance,3025
130,Kunal_130,Jodhpur,53,Gaming,1191
131,Vikram_131,Pune,28,Sports,3689
132,Yash_132,Delhi,43,Sports,4616
133,Nisha_133,Kolkata,39,Technology,4924
134,Amit_134,Ahmedabad,40,Music,2163
135,Ravi_135,Pune,37,Travel,2332
136,Suresh_136,Delhi,39,Travel,1956
137,Swati_137,Jodhpur,35,Gaming,4510
138,Pooja_138,Bangalore,38,Fashion,539
139,Shruti_139,Bangalore,33,Gaming,498
140,Riya_140,Ahmedabad,45,Science,2734
141,Shruti_141,Ahmedabad,43,Technology,2770
142,Amit_142,Pune,41,Travel,3925
143,Deepak_143,Hyderabad,33,Technology,2296
144,Shweta_144,Bangalore,53,Finance,4744
145,Aisha_145,Jodhpur,38,Travel,4932
146,Amit_146,Delhi,22,Technology,3939
147,Ajay_147,Delhi,29,Gaming,566
148,Aditya_148,Jaipur,46,Fashion,4076
149,Raj_149,Kolkata,34,Art,1717
150,Aisha_150,Jaipur,28,Gaming,4492
151,Ananya_151,Pune,33,Travel,3055
152,Puja_152,Kolkata,18,Sports,1342
153,Riya_153,Mumbai,25,Fashion,4305
154,Aditya_154,Kolkata,19,Music,2576
155,Harsh_155,Bangalore,35,Sports,1073
156,Rahul_156,Kolkata,55,Travel,2396
157,Ravi_157,Delhi,39,Science,3520
158,Aarav_158,Jodhpur,23,Finance,1478
159,Monika_159,Jodhpur,41,Sports,2505
160,Vikram_160,Jodhpur,26,Gaming,4142
161,Varun_161,Jaipur,52,Gaming,4436
162,Priya_162,Chennai,23,Sports,3244
163,Aditya_163,Jaipur,21,Gaming,1940
164,Amit_164,Chennai,25,Food,1296
165,Vikram_165,Bangalore,36,Science,4488
166,Anjali_166,Bangalore,48,Music,2274
167,Harsh_167,Mumbai,51,Fashion,4406
168,Riya_168,Jodhpur,53,Fashion,1738
169,Deepak_169,Jodhpur,32,Technology,1755
170,Harsh_170,Jaipur,32,Finance,510
171,Akash_171,Ahmedabad,40,Food,4726
172,Yash_172,Mumbai,35,Gaming,4924
173,Pallavi_173,Pune,55,Music,2664
174,Aarav_174,Delhi,50,Music,2065
175,Amit_175,Hyderabad,32,Science,4556
176,Aditya_176,Jodhpur,42,Travel,2728
177,Rahul_177,Hyderabad,27,Sports,843
178,Yash_178,Jodhpur,31,Science,892
179,Vishal_179,Jaipur,48,Fashion,3339
180,Priya_180,Chennai,52,Science,1394
181,Amit_181,Chennai,18,Science,1579
182,Divya_182,Pune,50,Gaming,4100
183,Arjun_183,Jaipur,31,Sports,4985
184,Pooja_184,Pune,23,Art,4037
185,Yash_185,Kolkata,48,Technology,2246
186,Arjun_186,Ahmedabad,43,Travel,2203
187,Vishal_187,Hyderabad,28,Technology,1236
188,Aarav_188,Pune,33,Gaming,1287
189,Neha_189,Ahmedabad,50,Art,4249
190,Vishal_190,Jodhpur,49,Travel,636
191,Aditya_191,Ahmedabad,37,Fashion,1085
192,Ajay_192,Ahmedabad,27,Technology,142
193,Manish_193,Kolkata,32,Science,3986
194,Ravi_194,Chennai,29,Art,2225
195,Swati_195,Delhi,40,Sports,615
196,Komal_196,Bangalore,27,Art,694
197,Meera_197,Delhi,52,Travel,1755
198,Divya_198,Pune,41,Finance,791
199,Shruti_199,Jaipur,43,Music,3891
200,Suresh_200,Ahmedabad,45,Music,2700
201,Sneha_201,Kolkata,44,Fashion,4633
202,Harsh_202,Bangalore,53,Technology,232
203,Kunal_203,Kolkata,54,Finance,2103
204,Rekha_204,Kolkata,21,Sports,2973
205,Raj_205,Pune,29,Music,4910
206,Monika_206,Chennai,54,Fashion,125
207,Vikram_207,Jodhpur,53,Food,3626
208,Aisha_208,Kolkata,44,Food,130
209,Harsh_209,Bangalore,24,Technology,1842
210,Aditya_210,Kolkata,44,Fashion,4409
211,Aisha_211,Jodhpur,26,Food,3920
212,Rahul_212,Hyderabad,45,Food,2322
213,Aarav_213,Pune,20,Fashion,3356
214,Arjun_214,Ahmedabad,22,Sports,928
215,Rahul_215,Kolkata,40,Travel,471
216,Suresh_216,Chennai,49,Food,3739
217,Arjun_217,Bangalore,27,Gaming,2198
218,Ravi_218,Hyderabad,37,Travel,4618
219,Pallavi_219,Delhi,24,Music,128
220,Shruti_220,Kolkata,41,Art,1431
221,Aditya_221,Bangalore,50,Science,974
222,Meera_222,Ahmedabad,39,Science,4184
223,Manish_223,Chennai,44,Travel,3713
224,Nikhil_224,Jaipur,32,Gaming,3629
225,Preeti_225,Bangalore,38,Fashion,800
226,Swati_226,Hyderabad,19,Science,2142
227,Preeti_227,Kolkata,44,Finance,3560
228,Arjun_228,Jodhpur,45,Science,377
229,Rekha_229,Jaipur,44,Art,2588
230,Puja_230,Ahmedabad,40,Travel,281
231,Suresh_231,Bangalore,37,Science,1117
232,Dev_232,Bangalore,25,Technology,1911
233,Tanya_233,Jodhpur,47,Music,2078
234,Kavya_234,Chennai,42,Finance,1780
235,Nisha_235,Mumbai,36,Food,1772
236,Deepak_236,Chennai,38,Music,615
237,Sneha_237,Jaipur,31,Music,384
238,Priya_238,Hyderabad,38,Fashion,3073
239,Siddharth_239,Jaipur,49,Sports,3296
240,Kunal_240,Chennai,46,Food,3756
241,Harsh_241,Ahmedabad,19,Music,2152
242,Sneha_242,Mumbai,48,Science,4986
243,Rohan_243,Pune,25,Science,4017
244,Ravi_244,Jodhpur,48,Finance,4606
245,Manish_245,Mumbai,18,Fashion,3088
246,Sneha_246,Chennai,27,Art,2741
247,Vishal_247,Delhi,18,Fashion,3302
248,Riya_248,Kolkata,18,Finance,2553
249,Amit_249,Kolkata,20,Food,4633
250,Ananya_250,Bangalore,55,Music,1168
251,Deepak_251,Chennai,25,Science,1717
252,Divya_252,Mumbai,19,Gaming,2493
253,Vikram_253,Jaipur,38,Fashion,2884
254,Gaurav_254,Hyderabad,54,Travel,3725
255,Divya_255,Chennai,26,Technology,2187
256,Swati_256,Bangalore,26,Food,705
257,Divya_257,Ahmedabad,20,Technology,4236
258,Simran_258,Kolkata,39,Art,1473
259,Dev_259,Bangalore,34,Science,1573
260,Komal_260,Pune,30,Sports,190
261,Akash_261,Bangalore,45,Sports,427
262,Vishal_262,Pune,42,Travel,4737
263,Siddharth_263,Hyderabad,48,Sports,1658
264,Riya_264,Kolkata,37,Travel,4604
265,Sunita_265,Jodhpur,21,Sports,1735
266,Varun_266,Jodhpur,43,Technology,219
267,Sneha_267,Jaipur,19,Gaming,944
268,Pooja_268,Pune,29,Travel,4729
269,Raj_269,Chennai,32,Gaming,632
270,Arjun_270,Mumbai,47,Fashion,4822
271,Priya_271,Jaipur,51,Sports,563
272,Anjali_272,Jodhpur,53,Fashion,3343
273,Rekha_273,Jaipur,47,Fashion,4024
274,Simran_274,Hyderabad,26,Music,2960
275,Raj_275,Jodhpur,39,Science,3217
276,Kunal_276,Bangalore,23,Sports,1056
277,Rekha_277,Jodhpur,31,Sports,3288
278,Priya_278,Jodhpur,24,Science,1083
279,Shruti_279,Mumbai,53,Art,4059
280,Monika_280,Chennai,49,Food,4336
281,Aditya_281,Jaipur,21,Food,2842
282,Tanya_282,Jaipur,18,Sports,279
283,Meera_283,Pune,29,Sports,779
284,Anjali_284,Ahmedabad,36,Technology,2381
285,Ravi_285,Delhi,26,Gaming,1235
286,Sneha_286,Mumbai,29,Sports,4485
287,Ravi_287,Jaipur,25,Finance,3695
288,Kavya_288,Chennai,49,Food,1066
289,Manish_289,Kolkata,34,Music,177
290,Ravi_290,Bangalore,41,Science,1967
291,Shweta_291,Mumbai,26,Finance,4205
292,Harsh_292,Ahmedabad,37,Music,3373
293,Rahul_293,Chennai,48,Technology,1895
294,Pooja_294,Kolkata,41,Finance,2983
295,Yash_295,Jaipur,31,Food,276
296,Ananya_296,Delhi,29,Art,1507
297,Siddharth_297,Kolkata,40,Music,4586
298,Raj_298,Kolkata,52,Technology,1923
299,Aarav_299,Bangalore,29,Gaming,3704
300,Rahul_300,Ahmedabad,42,Music,4712
301,Ajay_301,Jodhpur,26,Science,2339
302,Siddharth_302,Hyderabad,21,Music,4569
303,Vishal_303,Jaipur,34,Technology,1454
304,Pooja_304,Mumbai,55,Food,1351
305,Sneha_305,Ahmedabad,54,Food,4403
306,Gaurav_306,Bangalore,29,Gaming,3145
307,Rekha_307,Ahmedabad,48,Travel,4761
308,Komal_308,Ahmedabad,31,Music,916
309,Akash_309,Jaipur,18,Science,3897
310,Anjali_310,Bangalore,52,Food,3533
311,Rahul_311,Pune,37,Gaming,3238
312,Amit_312,Kolkata,30,Sports,199
313,Ajay_313,Chennai,31,Art,3068
314,Aditya_314,Pune,20,Science,2575
315,Divya_315,Jaipur,23,Finance,283
316,Deepak_316,Chennai,35,Music,3435
317,Pallavi_317,Pune,53,Food,1654
318,Kavya_318,Hyderabad,38,Gaming,2227
319,Neha_319,Hyderabad,45,Finance,1524
320,Shweta_320,Kolkata,19,Sports,242
321,Tanya_321,Hyderabad,44,Art,3737
322,Vishal_322,Jodhpur,43,Sports,1133
323,Amit_323,Hyderabad,32,Music,3560
324,Aditya_324,Kolkata,49,Fashion,4324
325,Rahul_325,Bangalore,25,Travel,1039
326,Vikram_326,Bangalore,48,Sports,3259
327,Deepak_327,Jodhpur,40,Finance,2740
328,Akash_328,Pune,50,Food,2227
329,Riya_329,Mumbai,29,Fashion,3629
330,Ajay_330,Jaipur,38,Art,1625
331,Gaurav_331,Pune,24,Art,1542
332,Aditya_332,Pune,38,Fashion,2885
333,Aditya_333,Kolkata,20,Finance,1642
334,Simran_334,Delhi,32,Technology,4079
335,Rekha_335,Kolkata,42,Science,4987
336,Kunal_336,Delhi,29,Fashion,2241
337,Neha_337,Mumbai,26,Gaming,2510
338,Aarav_338,Jaipur,34,Gaming,3064
339,Simran_339,Jodhpur,36,Travel,4496
340,Ananya_340,Delhi,30,Technology,3101
341,Yash_341,Ahmedabad,40,Sports,2246
342,Sunita_342,Bangalore,43,Finance,2653
343,Yash_343,Bangalore,36,Fashion,2477
344,Nisha_344,Kolkata,21,Food,4037
345,Pooja_345,Delhi,51,Fashion,3622
346,Rekha_346,Pune,33,Fashion,2236
347,Rekha_347,Mumbai,37,Gaming,3418
348,Tanya_348,Chennai,28,Technology,3240
349,Swati_349,Bangalore,36,Finance,2391
350,Kavya_350,Ahmedabad,24,Technology,4075
351,Pallavi_351,Kolkata,54,Finance,2833
352,Sunita_352,Chennai,18,Technology,3179
353,Ananya_353,Chennai,52,Technology,623
354,Tanya_354,Chennai,38,Food,3352
355,Siddharth_355,Kolkata,19,Fashion,2279
356,Ananya_356,Bangalore,39,Sports,4491
357,Monika_357,Kolkata,55,Travel,3399
358,Shweta_358,Delhi,42,Travel,3439
359,Harsh_359,Jaipur,54,Food,1334
360,Aisha_360,Mumbai,24,Art,543
361,Vikram_361,Mumbai,21,Sports,4056
362,Siddharth_362,Pune,47,Food,2934
363,Aisha_363,Hyderabad,50,Fashion,3427
364,Karan_364,Kolkata,55,Sports,2547
365,Deepak_365,Mumbai,43,Art,3588
366,Rahul_366,Ahmedabad,31,Travel,2625
367,Preeti_367,Bangalore,28,Music,674
368,Divya_368,Chennai,55,Travel,735
369,Komal_369,Pune,52,Finance,1735
370,Vikram_370,Jaipur,52,Travel,1871
371,Ajay_371,Bangalore,26,Music,2076
372,Aisha_372,Mumbai,18,Fashion,697
373,Simran_373,Delhi,43,Fashion,1068
374,Divya_374,Hyderabad,24,Food,2804
375,Vikram_375,Bangalore,31,Fashion,2616
376,Nisha_376,Kolkata,45,Art,2346
377,Sneha_377,Jodhpur,24,Technology,1605
378,Rekha_378,Mumbai,44,Science,3967
379,Divya_379,Ahmedabad,46,Gaming,1896
380,Akash_380,Jaipur,47,Gaming,990
381,Pallavi_381,Chennai,28,Gaming,1759
382,Divya_382,Jodhpur,37,Technology,3541
383,Meera_383,Delhi,19,Art,3504
384,Preeti_384,Jodhpur,38,Travel,4878
385,Ajay_385,Hyderabad,34,Travel,4276
386,Yash_386,Ahmedabad,49,Technology,4813
387,Shweta_387,Ahmedabad,36,Technology,2280
388,Sunita_388,Kolkata,21,Travel,725
389,Raj_389,Ahmedabad,47,Science,2818
390,Sunita_390,Kolkata,43,Finance,3429
391,Anjali_391,Mumbai,31,Gaming,1110
392,Dev_392,Kolkata,50,Technology,1002
393,Preeti_393,Mumbai,41,Travel,4067
394,Manish_394,Chennai,44,Science,3231
395,Varun_395,Bangalore,51,Technology,1669
396,Manish_396,Delhi,28,Technology,2576
397,Rahul_397,Bangalore,20,Travel,2066
398,Simran_398,Chennai,26,Finance,537
399,Pallavi_399,Ahmedabad,36,Sports,3181
400,Dev_400,Ahmedabad,42,Food,369
401,Raj_401,Hyderabad,43,Art,1677
402,Siddharth_402,Ahmedabad,46,Fashion,1826
403,Deepak_403,Hyderabad,19,Art,4745
404,Sunita_404,Bangalore,32,Travel,3643
405,Akash_405,Mumbai,54,Finance,4833
406,Shruti_406,Bangalore,47,Science,2826
407,Nikhil_407,Kolkata,19,Gaming,424
408,Simran_408,Kolkata,53,Sports,2232
409,Rahul_409,Jaipur,36,Food,1599
410,Ananya_410,Kolkata,42,Gaming,471
411,Preeti_411,Ahmedabad,29,Music,3531
412,Siddharth_412,Mumbai,35,Fashion,229
413,Aarav_413,Ahmedabad,19,Gaming,4335
414,Meera_414,Ahmedabad,53,Fashion,852
415,Suresh_415,Mumbai,51,Finance,1550
416,Deepak_416,Jaipur,42,Sports,1493
417,Ravi_417,Kolkata,41,Technology,2761
418,Amit_418,Jodhpur,29,Sports,2936
419,Komal_419,Kolkata,25,Music,3779
420,Arjun_420,Chennai,41,Travel,1729
421,Vikram_421,Hyderabad,21,Sports,4030
422,Swati_422,Jaipur,26,Technology,1984
423,Riya_423,Kolkata,32,Finance,4804
424,Puja_424,Jaipur,46,Science,3311
425,Ananya_425,Bangalore,50,Fashion,348
426,Monika_426,Hyderabad,44,Fashion,2820
427,Suresh_427,Mumbai,34,Music,364
428,Yash_428,Delhi,49,Art,4591
429,Riya_429,Ahmedabad,30,Music,4309
430,Nisha_430,Chennai,55,Technology,2731
431,Rohan_431,Delhi,54,Food,2946
432,Priya_432,Mumbai,25,Fashion,707
433,Amit_433,Jaipur,55,Sports,704
434,Vikram_434,Pune,43,Food,3295
435,Gaurav_435,Kolkata,39,Gaming,4718
436,Vikram_436,Jaipur,50,Science,3718
437,Priya_437,Jodhpur,31,Food,2831
438,Siddharth_438,Ahmedabad,43,Travel,3392
439,Preeti_439,Chennai,18,Music,3286
440,Divya_440,Mumbai,27,Art,2809
441,Suresh_441,Jodhpur,18,Technology,744
442,Rohan_442,Kolkata,45,Art,1928
443,Kunal_443,Pune,40,Art,667
444,Preeti_444,Jodhpur,45,Food,1745
445,Swati_445,Hyderabad,32,Music,2224
446,Yash_446,Pune,36,Fashion,2926
447,Monika_447,Chennai,40,Music,3193
448,Tanya_448,Ahmedabad,27,Technology,3434
449,Rohan_449,Delhi,29,Fashion,2644
450,Shruti_450,Jodhpur,37,Gaming,413
451,Suresh_451,Pune,21,Gaming,1221
452,Neha_452,Ahmedabad,27,Music,2001
453,Rahul_453,Delhi,39,Travel,2568
454,Suresh_454,Hyderabad,30,Finance,4068
455,Harsh_455,Jaipur,53,Sports,4025
456,Yash_456,Mumbai,36,Art,2091
457,Komal_457,Hyderabad,53,Art,1396
458,Sunita_458,Jodhpur,36,Sports,3013
459,Sneha_459,Hyderabad,51,Food,3351
460,Pallavi_460,Jaipur,32,Gaming,1629
461,Rohan_461,Jodhpur,24,Food,4996
462,Suresh_462,Jodhpur,48,Art,3309
463,Rekha_463,Jodhpur,40,Fashion,3649
464,Yash_464,Jodhpur,26,Fashion,4130
465,Nikhil_465,Jodhpur,21,Science,2082
466,Rahul_466,Bangalore,26,Gaming,3156
467,Priya_467,Mumbai,18,Science,4103
468,Meera_468,Kolkata,33,Science,3571
469,Pooja_469,Ahmedabad,52,Food,2351
470,Sunita_470,Hyderabad,51,Music,1474
471,Sunita_471,Delhi,23,Gaming,1174
472,Ajay_472,Ahmedabad,29,Fashion,4194
473,Shweta_473,Bangalore,31,Technology,668
474,Raj_474,Delhi,46,Food,3208
475,Riya_475,Pune,37,Finance,1311
476,Priya_476,Delhi,34,Travel,1864
477,Rekha_477,Kolkata,39,Music,3052
478,Sneha_478,Bangalore,24,Travel,324
479,Aisha_479,Kolkata,42,Art,3363
480,Neha_480,Delhi,20,Sports,764
481,Yash_481,Chennai,40,Gaming,3442
482,Aarav_482,Pune,44,Gaming,1121
483,Arjun_483,Delhi,42,Music,310
484,Preeti_484,Jaipur,34,Music,3712
485,Ravi_485,Mumbai,42,Sports,2240
486,Akash_486,Kolkata,48,Food,1221
487,Riya_487,Bangalore,28,Travel,4482
488,Priya_488,Ahmedabad,32,Food,792
489,Aarav_489,Hyderabad,37,Art,4497
490,Kunal_490,Mumbai,45,Technology,76
491,Aditya_491,Kolkata,34,Finance,3025
492,Suresh_492,Pune,22,Technology,3015
493,Neha_493,Kolkata,41,Sports,4903
494,Ajay_494,Bangalore,40,Fashion,3313
495,Pallavi_495,Delhi,49,Food,82
496,Aditya_496,Mumbai,19,Science,4359
497,Ravi_497,Mumbai,27,Technology,3674
498,Karan_498,Mumbai,35,Science,788
499,Siddharth_499,Ahmedabad,31,Science,368
500,Ananya_500,Hyderabad,32,Music,4107
501,Pooja_501,Jaipur,33,Gaming,283
502,Nikhil_502,Jaipur,45,Music,232
503,Riya_503,Mumbai,27,Music,798
504,Pallavi_504,Mumbai,51,Art,4644
505,Harsh_505,Jodhpur,53,Travel,4789
506,Nisha_506,Kolkata,41,Food,859
507,Preeti_507,Delhi,25,Finance,3331
508,Raj_508,Mumbai,55,Science,3874
509,Amit_509,Jaipur,55,Gaming,347
510,Rohan_510,Chennai,31,Gaming,674
511,Sunita_511,Kolkata,47,Technology,3300
512,Pooja_512,Hyderabad,41,Fashion,863
513,Sneha_513,Pune,40,Travel,994
514,Sunita_514,Chennai,41,Art,845
515,Kavya_515,Jodhpur,50,Sports,1998
516,Pooja_516,Bangalore,41,Gaming,2637
517,Rekha_517,Jodhpur,51,Travel,2599
518,Divya_518,Mumbai,49,Art,1778
519,Preeti_519,Mumbai,47,Food,2393
520,Ananya_520,Mumbai,50,Technology,64
